source_type,base_area,population_density_per_sqkm,purchasing_power_proxy,household_density_per_sqkm,transit_density_per_sqkm,demand_index
synthetic_demo,BKC,465.0877411355379,559480.0140133961,87.3364656028154,0.0001,49.8513
synthetic_demo,BKC,414.5590690227665,561173.9935840741,146.74728947574525,0.0001,44.7993
synthetic_demo,BKC,495.1390800918632,502499.77586811146,154.2824008916443,0.0001,50.4365
synthetic_demo,BKC,305.4075056503015,531780.6685697563,152.1130419153218,0.0001,44.7768
synthetic_demo,BKC,312.9944464264513,381193.232655861,118.6115241556436,0.0001,16.4025
synthetic_demo,BKC,372.9118391116298,357699.02229040867,86.06854213093534,0.0001,13.541
synthetic_demo,BKC,395.2613777749991,367690.6585935043,137.69551748124167,0.0001,19.5298
synthetic_demo,BKC,438.4961765650369,388510.1689382474,119.86161006212191,0.0001,17.1764
synthetic_demo,BKC,309.965946115708,399979.10898027895,125.79332689508716,0.0001,18.5477
synthetic_demo,BKC,327.4773947338299,322035.9611129317,116.25139606846012,0.0001,17.0224
synthetic_demo,BKC,399.7457331741137,391563.06675511133,105.31237930069508,0.0001,15.6993
synthetic_demo,BKC,458.0456918206654,564100.1142980151,132.23409517085344,0.0001,52.4537
synthetic_demo,BKC,379.12567836935494,397124.41519530996,92.5667150972961,0.0001,15.198
synthetic_demo,BKC,471.1972775285943,468416.1142064541,115.73396690312518,0.0001,31.8478
synthetic_demo,BKC,302.73876747119164,346046.35554833437,120.7312837450299,0.0001,11.972
synthetic_demo,BKC,414.6188780909162,357498.2317274874,122.03021216543794,0.0001,17.6643
synthetic_demo,BKC,367.2120901095978,427289.5865060145,145.4360106497848,0.0001,15.2299
synthetic_demo,BKC,456.4972518893136,508761.49144011235,90.87508756093008,0.0001,34.4243
synthetic_demo,BKC,371.42290011083224,511492.182678105,155.9022167133265,0.0001,35.2815
synthetic_demo,BKC,325.8313007298487,409224.67018737923,157.6426841099731,0.0001,23.0234
synthetic_demo,BKC,371.57066994422894,507912.4422831903,96.44777719993192,0.0001,24.9122
synthetic_demo,BKC,340.0423775022739,348281.2131185633,123.20654519734562,0.0001,15.5884
synthetic_demo,BKC,412.33202511426185,331301.9370731704,96.36307736961201,0.0001,11.9703
synthetic_demo,BKC,421.334188618835,543976.7577574447,138.45277963582714,0.0001,42.0592
synthetic_demo,BKC,377.82425784254315,512204.49442650366,102.89230027412364,0.0001,30.5486
synthetic_demo,BKC,317.50436182966206,461479.9782207274,124.10993310139332,0.0001,18.8161
synthetic_demo,BKC,307.03378828008243,521625.32519007084,100.97794421532889,0.0001,29.5881
synthetic_demo,BKC,424.4809150319068,465712.8968007781,97.93831774717707,0.0001,17.5962
synthetic_demo,BKC,443.2429130915621,514178.52045641636,97.701388886137,0.0001,35.2125
synthetic_demo,BKC,316.2294904652973,329491.5487665959,90.00760097175458,0.0001,15.5553
synthetic_demo,BKC,415.64695717925446,545630.112769221,107.48141353957972,0.0001,39.4293
synthetic_demo,BKC,290.6397790439443,539844.925033831,142.52474580841667,0.0001,38.4398
synthetic_demo,BKC,494.15686451486636,478902.1957853524,93.60439920699281,0.0001,28.323
synthetic_demo,BKC,388.32469323068614,378295.7574876661,120.72459092672729,0.0001,18.9749
synthetic_demo,BKC,370.81845786781474,489620.41068045277,156.66736870320693,0.0001,33.5759
synthetic_demo,BKC,508.9121659953784,521680.0207056061,127.4185437315983,0.0001,53.7965
synthetic_demo,BKC,505.4775526120756,488852.11348211125,140.8543376234741,0.0001,41.7892
synthetic_demo,BKC,515.2368777869729,508577.0832409742,153.50678783842406,0.0001,54.4861
synthetic_demo,BKC,439.85021724565354,441297.8341925901,142.14422507402847,0.0001,22.5231
synthetic_demo,BKC,302.23246829161457,339802.9874377798,112.753810377857,0.0001,15.8336
synthetic_demo,BKC,484.35491031961084,407308.08610515855,97.4005135050161,0.0001,26.2407
synthetic_demo,BKC,459.3707381137891,566369.4811389401,119.51050005676167,0.0001,54.7583
synthetic_demo,BKC,345.67070055706864,448575.61827423325,125.32508491520272,0.0001,12.9585
synthetic_demo,BKC,343.244163140893,436936.97698226455,152.79212778714466,0.0001,21.5692
synthetic_demo,BKC,366.57616396127617,342129.30526361236,91.96775631982715,0.0001,13.9612
synthetic_demo,BKC,497.2367515995573,565701.0470926263,86.93740899888513,0.0001,52.9245
synthetic_demo,BKC,320.94940247604234,335912.71738076,153.0599775499812,0.0001,21.2407
synthetic_demo,BKC,320.13123572319205,512966.7621535248,143.39707434987102,0.0001,34.5575
synthetic_demo,BKC,494.83528676065356,482114.0161639208,131.5511635136655,0.0001,43.2523
synthetic_demo,BKC,307.12768402014444,560977.422978923,140.63971325524645,0.0001,50.3723
synthetic_demo,BKC,346.2389052805629,493381.29617623636,154.98871333533972,0.0001,38.7269
synthetic_demo,BKC,320.59144843199675,400945.34570147947,117.07659273267706,0.0001,13.3119
synthetic_demo,BKC,319.31100484112653,390441.48960081197,122.83772009914053,0.0001,17.7575
synthetic_demo,BKC,460.13473001309785,497054.2480380609,147.10134615065954,0.0001,48.2918
synthetic_demo,BKC,438.64070074959534,560246.7509848273,120.50065308531713,0.0001,44.8833
synthetic_demo,BKC,421.91779063932796,343876.5055929615,87.81618888113132,0.0001,18.8194
synthetic_demo,BKC,469.3024842079248,505341.5325382257,115.1886449956007,0.0001,30.0987
synthetic_demo,BKC,573.3115858802717,508361.66606859694,127.22739764687411,0.0001,58.9876
synthetic_demo,BKC,346.28647148493206,347242.3949630622,153.65543425407776,0.0001,25.5488
synthetic_demo,BKC,341.36776511203635,438249.4690103917,140.75156208615005,0.0001,16.6969
synthetic_demo,BKC,523.937090569303,382646.93832119345,125.07937619985563,0.0001,30.8437
synthetic_demo,BKC,504.3084870497825,481326.08146464004,141.03733983226277,0.0001,45.3659
synthetic_demo,BKC,509.9391831758307,554453.2939124098,120.00394159930546,0.0001,54.3818
synthetic_demo,BKC,406.7771613498008,339255.49137143133,151.5194298666797,0.0001,23.4251
synthetic_demo,BKC,289.56587982378755,434733.15163935133,127.80227432972352,0.0001,18.0615
synthetic_demo,BKC,559.3406503779358,435841.12587819,137.56027118997474,0.0001,40.6538
synthetic_demo,BKC,340.8109243777757,417124.77908680233,139.59562079749728,0.0001,24.8031
synthetic_demo,BKC,469.6212071059166,329673.3125377362,138.51773930664902,0.0001,23.4592
synthetic_demo,BKC,384.5933864147614,327353.0121036324,145.58842545212462,0.0001,15.2211
synthetic_demo,BKC,291.33327074527784,468080.23824630294,136.8499115057618,0.0001,24.8498
synthetic_demo,BKC,366.19624226691553,542131.2014396986,119.37529410969205,0.0001,37.4441
synthetic_demo,BKC,440.5506280564998,570545.3507347064,144.52484465106184,0.0001,53.0713
synthetic_demo,BKC,490.7617499663699,340847.3374184771,140.1020407651792,0.0001,31.6103
synthetic_demo,BKC,331.17426351595145,553074.9146189169,128.60589043895325,0.0001,42.1577
synthetic_demo,BKC,366.3181578369814,370130.86726090475,118.29921466309648,0.0001,10.9276
synthetic_demo,BKC,462.11441559523576,387011.4499250951,95.98152677083459,0.0001,15.1446
synthetic_demo,BKC,441.25606612811976,374018.27350277593,109.39869394287372,0.0001,20.6667
synthetic_demo,BKC,484.2914530638517,438656.5510845006,154.00129578505917,0.0001,32.3943
synthetic_demo,BKC,345.5262516584799,333823.1026295049,155.7003981236269,0.0001,15.1064
synthetic_demo,BKC,307.13444866048434,365086.7614759478,116.87416337708831,0.0001,12.6879
synthetic_demo,BKC,399.9616552603803,482853.33779487544,105.76863256365544,0.0001,25.2703
synthetic_demo,BKC,504.5304122951311,428865.68105052377,111.45909361646957,0.0001,30.1856
synthetic_demo,BKC,340.8060527134071,426133.9807835794,102.23897646566725,0.0001,11.1414
synthetic_demo,BKC,468.08979705439396,322557.6864828383,152.1941444552167,0.0001,25.8065
synthetic_demo,BKC,459.98380737608517,447669.95182050485,146.82779800433437,0.0001,30.4478
synthetic_demo,BKC,467.3230986212933,376041.7315468269,126.09130323949728,0.0001,23.6849
synthetic_demo,BKC,377.62237431060805,493358.7428158808,117.6916722112108,0.0001,21.6759
synthetic_demo,BKC,289.15732419390287,535750.9237128487,144.85333812157506,0.0001,41.216
synthetic_demo,BKC,313.43554710023017,359030.805051829,156.37032156463113,0.0001,24.6493
synthetic_demo,BKC,324.529498652016,543586.5070600682,129.11295402306962,0.0001,42.0777
synthetic_demo,BKC,426.7477858213821,327920.4147621791,105.10017290049504,0.0001,13.5818
synthetic_demo,BKC,393.855216229199,525610.0901326594,133.63104344679718,0.0001,36.4479
synthetic_demo,BKC,492.4664178885451,411870.7266657127,147.13994057464464,0.0001,30.5958
synthetic_demo,BKC,351.37962573582354,547785.2980084588,92.65542201386906,0.0001,38.4199
synthetic_demo,BKC,436.5485456846915,514593.46353751974,121.06060171696184,0.0001,33.8271
synthetic_demo,BKC,330.73907145532195,504886.39052692254,155.93413109210644,0.0001,36.1016
synthetic_demo,BKC,410.6506189143289,455833.5067011888,126.72100799874569,0.0001,19.772
synthetic_demo,BKC,388.3731448094749,360868.58221832727,111.86014307529162,0.0001,14.8197
synthetic_demo,BKC,496.926429890478,348871.62139452563,120.04873854508769,0.0001,27.5045
synthetic_demo,BKC,529.9274297094855,414068.05158983887,102.19628460060532,0.0001,35.0315
synthetic_demo,BKC,514.2311095790302,545203.244499285,98.79768364779818,0.0001,49.8016
synthetic_demo,BKC,434.9001710264864,356713.31320856407,99.84385462819638,0.0001,19.654
synthetic_demo,BKC,387.7159697486144,512624.31880441104,97.51090424745038,0.0001,26.2859
synthetic_demo,BKC,342.54978390085546,365027.8294443668,114.76622201536529,0.0001,19.7591
synthetic_demo,BKC,442.33990877752944,373290.04519755044,153.53283530740728,0.0001,32.1495
synthetic_demo,BKC,428.0286305765824,429377.43211564486,95.26390498471861,0.0001,17.9793
synthetic_demo,BKC,410.81192201592535,392230.7269286548,93.99620524596699,0.0001,18.1009
synthetic_demo,BKC,384.9087231414879,324956.1819710779,125.66565651447382,0.0001,18.5899
synthetic_demo,BKC,365.7229499264518,396757.6089230827,129.85698356791804,0.0001,18.2069
synthetic_demo,BKC,397.5645526965313,297704.43902186985,102.32926478136551,0.0001,13.6516
synthetic_demo,BKC,450.9143493883551,539022.0377439932,142.68669437733348,0.0001,49.3726
synthetic_demo,BKC,498.250718564329,368674.80274200044,149.3028593112442,0.0001,34.4273
synthetic_demo,BKC,468.1555163733177,600946.079913254,137.73909980916932,0.0001,60.2767
synthetic_demo,BKC,530.6375257318969,472695.6075196668,116.8302120929566,0.0001,44.0525
synthetic_demo,BKC,465.1947130226651,303593.3593422227,97.29267187045923,0.0001,20.2988
synthetic_demo,BKC,319.2485459428625,356674.9089670427,135.11998055043125,0.0001,12.3143
synthetic_demo,BKC,486.9405157102616,380186.1024269845,112.41839659414956,0.0001,29.0927
synthetic_demo,BKC,389.64508907243055,465946.0380167699,156.21656747559481,0.0001,28.7556
synthetic_demo,BKC,435.463115888648,370231.3758309913,146.64845070203802,0.0001,23.6447
synthetic_demo,BKC,520.8928855541177,456461.6469843796,133.362390597438,0.0001,38.7252
synthetic_demo,BKC,339.09082609003934,529948.8339771995,82.01960662654574,0.0001,33.9302
synthetic_demo,BKC,463.91775918994443,393131.0205807476,99.43250291322397,0.0001,21.3854
synthetic_demo,BKC,538.6626268322249,354210.3493071963,104.71645045161034,0.0001,31.2074
synthetic_demo,BKC,330.7910726381282,459836.955368563,135.31983970207844,0.0001,26.6979
synthetic_demo,BKC,487.2445905411441,412864.4391444345,117.91944080991422,0.0001,30.6527
synthetic_demo,BKC,483.2967908002883,435908.971002783,137.69654590943034,0.0001,31.2839
synthetic_demo,BKC,528.9874948011529,357430.5867323317,90.98397837773608,0.0001,33.4877
synthetic_demo,BKC,296.0031619122259,530328.9563983707,88.33247498783646,0.0001,32.1935
synthetic_demo,BKC,311.42530795904725,510441.47735567554,138.84018005335568,0.0001,27.3693
synthetic_demo,BKC,338.12630336847735,525394.5927346399,89.68961185658405,0.0001,33.651
synthetic_demo,BKC,541.6049520164776,498696.64902045304,113.19373752221803,0.0001,45.1535
synthetic_demo,BKC,340.6917146675627,368794.7874567754,121.99084540662679,0.0001,15.3465
synthetic_demo,BKC,290.29928811783583,440242.2315144892,114.71469335501321,0.0001,15.888
synthetic_demo,BKC,362.7129978891617,408050.8595335407,136.74396994798818,0.0001,17.944
synthetic_demo,BKC,460.57787302735403,579611.0834322892,118.15385126592767,0.0001,61.1988
synthetic_demo,BKC,327.79753516117785,355600.53894523566,97.99767999110085,0.0001,12.5483
synthetic_demo,BKC,360.6295883969299,352899.7668392514,107.11505467731608,0.0001,12.3593
synthetic_demo,BKC,299.800958454842,315866.07096734876,97.86105087646224,0.0001,15.7329
synthetic_demo,BKC,521.0841288002404,430032.346021978,156.52743557555956,0.0001,36.976
synthetic_demo,BKC,415.4356542323962,406732.9220061026,95.84192511235939,0.0001,18.7429
synthetic_demo,BKC,462.4727298455309,436725.24352962757,128.7391621785586,0.0001,21.3603
synthetic_demo,BKC,423.7042479721979,440134.925614127,122.16046515002726,0.0001,23.6434
synthetic_demo,BKC,343.05937195575245,427671.63537055545,125.29081090985777,0.0001,19.0849
synthetic_demo,BKC,447.8578208857356,342622.823389965,114.63444355128462,0.0001,19.5481
synthetic_demo,BKC,465.24012681848444,332448.02567710273,136.188769390029,0.0001,28.4266
synthetic_demo,BKC,372.1142123370448,423673.01913944306,102.68967725284,0.0001,15.2729
synthetic_demo,BKC,501.03165454163457,518947.67577767663,128.04116200056438,0.0001,51.4135
synthetic_demo,BKC,406.38119155760216,554648.896995375,104.28377401969753,0.0001,42.3436
synthetic_demo,BKC,505.56242427349207,418544.24143975903,87.54898432506235,0.0001,27.9357
synthetic_demo,BKC,456.03049992831717,481316.51594093343,119.393998952097,0.0001,34.0133
synthetic_demo,BKC,361.6212729725884,570722.0760325718,152.71552653726314,0.0001,58.7094
synthetic_demo,BKC,435.3975458131932,433875.5781316835,119.0096892383453,0.0001,17.7198
synthetic_demo,BKC,363.8213870010725,330464.0467200909,147.24780909706715,0.0001,19.4091
synthetic_demo,BKC,510.48240977058055,412728.1672792269,83.8385104889463,0.0001,32.1835
synthetic_demo,BKC,554.66199852083,562247.0426953512,149.11669236570128,0.0001,72.0169
synthetic_demo,BKC,497.58560830667886,462038.2568779829,161.86152025513346,0.0001,40.5002
synthetic_demo,BKC,381.3509756242736,323245.5928036164,136.7435316166168,0.0001,17.2648
synthetic_demo,BKC,307.77247376315137,585062.8935543034,124.56315215414779,0.0001,47.5127
synthetic_demo,BKC,322.71610375462575,373060.7295266389,154.33595213191464,0.0001,20.3914
synthetic_demo,BKC,419.4600004277395,592872.7173389628,98.36528577305329,0.0001,47.1794
synthetic_demo,BKC,478.33281337807773,378611.5703490146,127.86469473690948,0.0001,30.5588
synthetic_demo,BKC,329.015004795558,351266.1371594196,121.79100947043835,0.0001,10.0
synthetic_demo,BKC,427.2353463719867,430181.6215575904,134.13703791612068,0.0001,27.8773
synthetic_demo,BKC,402.4461898160909,434203.01979958033,143.81337021256067,0.0001,19.6572
synthetic_demo,BKC,504.71632695320625,410069.41965185205,130.04845661218684,0.0001,36.383
synthetic_demo,BKC,397.2253789216936,413241.3560441159,139.28762503322304,0.0001,12.5097
synthetic_demo,BKC,509.7623604920497,324209.94961162243,101.60387523797557,0.0001,31.2742
synthetic_demo,BKC,492.3662805115368,369900.63466860726,120.76488195902951,0.0001,29.7979
synthetic_demo,BKC,410.99806724417505,317944.33611887804,135.74830564400088,0.0001,17.0377
synthetic_demo,BKC,366.27718149085865,356524.2070650953,104.78289880584767,0.0001,14.897
synthetic_demo,BKC,328.90917719385544,365568.6661450644,102.54900326880103,0.0001,13.5545
synthetic_demo,BKC,483.3907189570681,472201.6123481306,148.37758405618197,0.0001,38.3337
synthetic_demo,BKC,417.68265871554956,425526.4217189195,119.6600025248647,0.0001,19.2578
synthetic_demo,BKC,484.7179956855074,540496.2806231946,108.37754579062043,0.0001,48.0926
synthetic_demo,BKC,365.31304905096755,396680.7914536326,96.3320506548246,0.0001,10.3723
synthetic_demo,BKC,447.897907716797,369112.21455834707,102.4582878161712,0.0001,16.9841
synthetic_demo,BKC,340.92806314721787,573210.1594215388,109.43980049329375,0.0001,45.4044
synthetic_demo,BKC,364.706819682682,369386.48096095497,116.35078580134247,0.0001,15.2393
synthetic_demo,BKC,479.5088266734973,394026.04214359145,115.32078795069421,0.0001,22.6705
synthetic_demo,BKC,501.4380021297597,503236.087574887,115.84845015782156,0.0001,40.8584
synthetic_demo,BKC,496.7787693998555,415488.8949400063,102.79013076522753,0.0001,28.0725
synthetic_demo,BKC,494.7512899512041,384762.33273449406,92.23045533275604,0.0001,23.0503
synthetic_demo,BKC,379.08673666083433,355910.06759129337,147.31350583592368,0.0001,13.5152
synthetic_demo,BKC,351.33838053831784,520782.59478745534,130.25240273154213,0.0001,38.6512
synthetic_demo,BKC,487.3838948299996,542586.8105969973,141.16697589155015,0.0001,56.7739
synthetic_demo,BKC,350.09546706069875,465458.5006321961,110.59316480288734,0.0001,21.009
synthetic_demo,BKC,454.9870133781997,367370.06410392275,158.45286915367427,0.0001,26.1209
synthetic_demo,BKC,477.15151858355216,561857.43170714,114.60854123512915,0.0001,53.163
synthetic_demo,BKC,536.4213900778839,389482.33173175657,112.89509105443375,0.0001,35.2729
synthetic_demo,BKC,332.5409565304148,482627.54782786954,90.66598872489439,0.0001,22.6884
synthetic_demo,BKC,515.402187702418,509741.3328292002,144.8199377387369,0.0001,51.0921
synthetic_demo,BKC,329.9080787776977,306685.1188449531,136.87634253174278,0.0001,24.622
synthetic_demo,BKC,405.62326888540923,363820.3659976794,132.1490247410869,0.0001,15.1348
synthetic_demo,BKC,504.20904101865847,409362.3598526252,103.70870406793853,0.0001,35.7562
synthetic_demo,BKC,309.637197312671,523387.89556218986,141.06111747491366,0.0001,37.0559
synthetic_demo,BKC,458.9831987695252,385198.0960111775,94.20641700560061,0.0001,26.7393
synthetic_demo,BKC,476.6589013928943,482067.3089845593,91.30638009105068,0.0001,31.467
synthetic_demo,BKC,504.5771404545655,482009.52933048917,132.37484053055758,0.0001,42.4376
synthetic_demo,BKC,450.06410001690466,476276.4084480262,116.51041733384069,0.0001,26.3922
synthetic_demo,BKC,467.4304948544093,492025.8999638163,125.63874679658154,0.0001,37.8339
synthetic_demo,BKC,462.40240070221495,332342.95612771047,115.5065861257709,0.0001,27.2814
synthetic_demo,BKC,406.47301836791644,348556.37336491974,85.52516516603687,0.0001,13.5229
synthetic_demo,BKC,429.6871188050703,554967.0432936545,132.16647419115063,0.0001,46.7889
synthetic_demo,BKC,353.3392185477104,446418.8573134248,136.33975455505387,0.0001,18.9656
synthetic_demo,BKC,349.79253900937357,596592.7137648127,121.78111218005054,0.0001,51.7141
synthetic_demo,BKC,408.63809201310926,404950.53662185225,151.41460805014844,0.0001,21.3626
synthetic_demo,BKC,375.3320114099654,463420.47421715426,129.69391145632537,0.0001,20.154
synthetic_demo,BKC,331.70648640732645,514747.713040783,101.32555010189884,0.0001,32.5969
synthetic_demo,BKC,336.89157048992445,394646.6852440488,86.51184746678632,0.0001,15.6801
synthetic_demo,BKC,451.1443493413202,451740.34319327405,144.3827397439576,0.0001,30.0008
synthetic_demo,BKC,430.3488426617231,359054.1504575732,131.53777286201796,0.0001,23.2111
synthetic_demo,BKC,429.25402907302197,381478.17508867127,108.47171145249506,0.0001,18.0588
synthetic_demo,BKC,445.0670325861325,538837.7714536146,89.60717045311127,0.0001,40.8826
synthetic_demo,BKC,327.00304130335815,416066.9801755117,141.69993965722236,0.0001,19.2787
synthetic_demo,BKC,499.07600347812684,316869.1233615907,157.44901161611318,0.0001,38.4068
synthetic_demo,BKC,522.4103105154613,466156.70721647306,124.77283651696264,0.0001,43.4431
synthetic_demo,BKC,521.1244323291046,429660.2363482627,149.51186526062645,0.0001,34.0948
synthetic_demo,BKC,393.2948559726967,484342.96156071126,146.88414269888688,0.0001,27.0891
synthetic_demo,BKC,522.366036996301,459387.4225653699,89.56934953808309,0.0001,33.643
synthetic_demo,BKC,409.18451475555577,364134.6763247741,147.15004899919984,0.0001,16.9144
synthetic_demo,BKC,442.752586073124,536433.9788387609,94.16685727361282,0.0001,41.4426
synthetic_demo,BKC,320.03542945650014,419347.51656230487,105.35150074689591,0.0001,16.8096
synthetic_demo,BKC,319.60287612855984,384898.1019082208,111.05025118164885,0.0001,12.5102
synthetic_demo,BKC,297.6461370257138,392836.4644646312,93.20791531491302,0.0001,17.3955
synthetic_demo,BKC,486.72890653251596,520974.5453962186,163.89448392567374,0.0001,54.5328
synthetic_demo,BKC,310.59964129202905,574263.3439449931,122.4026401775251,0.0001,51.9877
synthetic_demo,BKC,408.12587030965204,568017.7415486588,118.45267925143524,0.0001,44.6231
synthetic_demo,BKC,534.1148816983448,426098.76167831675,119.5227083434242,0.0001,35.3269
synthetic_demo,BKC,523.8316939922119,387174.4371770279,116.027039286487,0.0001,31.4862
synthetic_demo,BKC,367.17969404660175,432509.01811535354,112.80793676187639,0.0001,16.6372
synthetic_demo,BKC,493.82442373265957,308623.7860101364,103.03459002957736,0.0001,29.9732
synthetic_demo,BKC,490.0364674157253,482800.8978178193,166.17388258325843,0.0001,44.3087
synthetic_demo,BKC,345.70250985846184,321663.7427680074,102.62981823935347,0.0001,13.7153
synthetic_demo,BKC,292.33460342720235,363183.17057758564,104.12714918971893,0.0001,15.6612
synthetic_demo,BKC,342.320180752502,592701.8150273362,119.27998373302913,0.0001,48.2425
synthetic_demo,BKC,502.45312604942677,429603.0244477872,147.56167234696323,0.0001,40.4066
synthetic_demo,BKC,452.7897396143422,500697.27522532153,138.04978780711423,0.0001,36.2899
synthetic_demo,BKC,363.69276111103653,333689.1537343313,105.70012131090331,0.0001,14.8226
synthetic_demo,BKC,526.3046851380698,400309.8619157588,115.26249020372562,0.0001,41.3871
synthetic_demo,BKC,437.2513149167859,534198.6114582417,153.002562573087,0.0001,45.1558
synthetic_demo,BKC,433.5742223888198,554246.236706239,102.5854210442368,0.0001,41.1696
synthetic_demo,BKC,294.7438169561346,523467.8567090432,121.57770048396705,0.0001,31.4393
synthetic_demo,BKC,523.477517124709,387187.41224329575,133.22484811751775,0.0001,41.0043
synthetic_demo,BKC,418.8212504133946,368517.99604989466,148.20917872826794,0.0001,18.4425
synthetic_demo,BKC,376.9055582811206,553286.7123880368,138.27211175100408,0.0001,50.6071
synthetic_demo,BKC,423.64288614090106,531571.7534628175,147.63587723537637,0.0001,44.0924
synthetic_demo,BKC,352.13691911024085,411204.5173070999,105.35966157179321,0.0001,13.8546
synthetic_demo,BKC,368.9634841495506,520099.12247893226,132.1280164622917,0.0001,36.8449
synthetic_demo,BKC,300.13647621376435,515883.9443843711,125.27979366320463,0.0001,33.5088
synthetic_demo,BKC,406.966336388091,546294.1477881337,129.50901969223025,0.0001,41.9412
synthetic_demo,Dadar,435.59032954252694,713038.2331463175,99.59356070382016,0.0001,47.0641
synthetic_demo,Dadar,311.8700481311557,651443.4343438318,99.24888350562851,0.0001,48.8278
synthetic_demo,Dadar,355.3432776698743,643037.7362948768,79.52407998739663,0.0001,48.0254
synthetic_demo,Dadar,424.3705482906101,525590.1048321836,108.16551889899722,0.0001,32.7194
synthetic_demo,Dadar,381.810382081632,543744.1308266344,86.81729486512907,0.0001,38.6326
synthetic_demo,Dadar,312.45897810544375,436347.9172769385,134.1183846318199,0.0001,12.5289
synthetic_demo,Dadar,433.14547006540874,701216.578227405,105.35150024013278,0.0001,52.3324
synthetic_demo,Dadar,311.02779458167015,448661.5138295964,98.74570741049611,0.0001,12.9314
synthetic_demo,Dadar,307.810426602476,412789.5356288924,90.00679808208253,0.0001,20.3061
synthetic_demo,Dadar,431.84343680858825,472023.6855943528,83.2720905580234,0.0001,24.9338
synthetic_demo,Dadar,359.38141634609474,529108.1551353518,110.91327702366095,0.0001,27.1625
synthetic_demo,Dadar,300.91873542146146,619877.0609579314,117.51221929334967,0.0001,47.2795
synthetic_demo,Dadar,301.7072785999955,772291.3893443071,128.56784333066386,0.0001,42.9476
synthetic_demo,Dadar,300.1074204669402,747147.378838571,93.09845566426162,0.0001,47.8648
synthetic_demo,Dadar,479.0124485245831,634585.8696700378,113.61827067124248,0.0001,62.6888
synthetic_demo,Dadar,524.074236374391,646298.2035721673,86.34252947228984,0.0001,67.2276
synthetic_demo,Dadar,317.12742102101834,710604.7317943958,123.29723386742184,0.0001,48.4143
synthetic_demo,Dadar,472.21532665390987,621482.3514461459,99.44626463342699,0.0001,58.0599
synthetic_demo,Dadar,396.80406611347115,772656.8039347403,90.25592581738972,0.0001,44.6743
synthetic_demo,Dadar,380.5117170761468,600795.735018352,124.27355485174719,0.0001,43.4968
synthetic_demo,Dadar,352.36877978577974,697265.1364489032,86.50786036543222,0.0001,49.3299
synthetic_demo,Dadar,424.7961782123075,535722.8512678328,123.81930407307945,0.0001,38.573
synthetic_demo,Dadar,337.4238931288316,525700.8705677765,115.98954753028832,0.0001,31.2572
synthetic_demo,Dadar,380.8399811376179,662495.4467232191,105.88258166966563,0.0001,47.7135
synthetic_demo,Dadar,436.9863811771294,754991.4019729286,77.04414448104836,0.0001,48.4664
synthetic_demo,Dadar,308.0471137891904,722380.7754267019,122.0945388800875,0.0001,42.3482
synthetic_demo,Dadar,330.84113834292236,438230.59337746433,108.83969787238266,0.0001,16.5077
synthetic_demo,Dadar,437.10427402905043,464321.2923311929,130.66347872036837,0.0001,27.005
synthetic_demo,Dadar,455.70471893608504,717406.8574278472,126.89788932318775,0.0001,56.4221
synthetic_demo,Dadar,416.55828715492197,497456.63904181414,103.43538766954546,0.0001,24.8918
synthetic_demo,Dadar,456.5282434385917,582321.1257378097,98.77482954268105,0.0001,56.4162
synthetic_demo,Dadar,309.4368993388097,676999.3108965806,113.25929874629819,0.0001,51.8344
synthetic_demo,Dadar,464.135761044432,403500.34902896703,131.35682262468652,0.0001,26.0852
synthetic_demo,Dadar,498.20784906417293,744004.5238034528,88.56609205573628,0.0001,58.8423
synthetic_demo,Dadar,408.4974688943501,677326.5834695263,122.99273413178103,0.0001,50.082
synthetic_demo,Dadar,531.4504881800356,543542.040697796,105.71012029609122,0.0001,63.5118
synthetic_demo,Dadar,352.80013424418536,526809.6159116842,120.07009381185006,0.0001,28.9126
synthetic_demo,Dadar,355.02258225980995,701906.3227104596,139.51644891894944,0.0001,48.0022
synthetic_demo,Dadar,399.8617264957411,534447.3544375785,93.8852748330434,0.0001,34.9931
synthetic_demo,Dadar,406.26640778068264,593427.7196916639,125.26060432534763,0.0001,49.6133
synthetic_demo,Dadar,520.4489707373566,748815.2424711763,130.98483918565438,0.0001,69.1452
synthetic_demo,Dadar,463.17476336255936,588671.003466251,94.99469342609936,0.0001,58.7529
synthetic_demo,Dadar,390.1505839026879,476688.46865359927,127.76063071537156,0.0001,19.7072
synthetic_demo,Dadar,432.0157993193097,509893.64813027944,114.01777695533222,0.0001,38.5119
synthetic_demo,Dadar,364.7680768133714,709061.37300353,113.47306644483774,0.0001,44.2972
synthetic_demo,Dadar,353.44018896320733,735511.0878755858,138.52154668262637,0.0001,54.2932
synthetic_demo,Dadar,294.8492173335201,695265.5720043747,110.49432061012722,0.0001,50.6222
synthetic_demo,Dadar,539.5657940769844,470561.20682270016,134.32139196313597,0.0001,49.6595
synthetic_demo,Dadar,344.9594876007684,758713.207883019,111.67623914009252,0.0001,44.3659
synthetic_demo,Dadar,314.1840628190563,682660.3498316986,100.78481876390838,0.0001,48.0732
synthetic_demo,Dadar,365.85289684675223,561969.5388880473,116.69505312430427,0.0001,44.2535
synthetic_demo,Dadar,329.8889841839024,519215.95869433606,89.98554375774685,0.0001,35.5166
synthetic_demo,Dadar,447.5400650424866,433632.7939503679,134.37729942296747,0.0001,24.8226
synthetic_demo,Dadar,437.2690734953417,424289.1579707339,84.17056841160651,0.0001,19.8206
synthetic_demo,Dadar,540.3392370243176,683777.3043824073,79.07018941896159,0.0001,67.8256
synthetic_demo,Dadar,355.47588111330424,430195.86994473595,122.99992983259655,0.0001,14.9837
synthetic_demo,Dadar,409.32945219165634,575571.079925592,77.67513294990493,0.0001,43.4282
synthetic_demo,Dadar,438.1581757135918,637881.6217690462,148.07380618236948,0.0001,53.9432
synthetic_demo,Dadar,362.24173570770296,685337.8848052921,86.39315642124394,0.0001,47.1745
synthetic_demo,Dadar,279.3377320927604,523949.7288067034,106.7696910129906,0.0001,35.3774
synthetic_demo,Dadar,496.2081692022088,684596.6037740534,88.24109663603704,0.0001,62.6058
synthetic_demo,Dadar,417.4679236185323,639180.8029210157,116.69884413400915,0.0001,46.6185
synthetic_demo,Dadar,382.38152839836835,480548.2921468209,118.69695586671604,0.0001,24.2253
synthetic_demo,Dadar,375.5943215040388,726155.2606254306,122.07671065470811,0.0001,50.122
synthetic_demo,Dadar,388.27313500403505,505493.24981053313,106.6477706667856,0.0001,25.8852
synthetic_demo,Dadar,316.0916927533952,571433.3221275671,90.5235629803637,0.0001,42.5876
synthetic_demo,Dadar,420.3121317276371,439153.3806080301,114.8893690347133,0.0001,17.6062
synthetic_demo,Dadar,503.52946806022436,448813.47291671543,149.52487050745754,0.0001,34.2376
synthetic_demo,Dadar,548.6170880879306,634286.0340272179,103.09344198808579,0.0001,69.2549
synthetic_demo,Dadar,467.1356189864741,437443.45906638046,108.98415688767676,0.0001,26.0947
synthetic_demo,Dadar,399.98422589062744,515040.32801268087,76.0847049364846,0.0001,31.0596
synthetic_demo,Dadar,441.95784154113227,625480.8950282676,126.70450476917259,0.0001,55.2664
synthetic_demo,Dadar,429.62440112110124,597551.4337367777,93.41639559169975,0.0001,42.093
synthetic_demo,Dadar,337.7671218491719,471659.44150927174,106.60376739572462,0.0001,20.5457
synthetic_demo,Dadar,333.0217365579637,451627.2037714634,106.72227405566449,0.0001,13.8844
synthetic_demo,Dadar,506.99904805358653,614444.7746361551,114.6560342655814,0.0001,65.9577
synthetic_demo,Dadar,399.55976828677797,469148.4391554354,104.49565400343953,0.0001,25.6289
synthetic_demo,Dadar,466.3824986223755,537639.0028753619,123.03960751257931,0.0001,45.1017
synthetic_demo,Dadar,314.18884187178475,665836.9325281496,98.97664683018294,0.0001,45.0651
synthetic_demo,Dadar,351.55253908411635,456912.410264833,103.825954215435,0.0001,15.9042
synthetic_demo,Dadar,460.3361393066643,434521.5820075624,94.75514040502945,0.0001,23.8043
synthetic_demo,Dadar,483.80888846853617,449930.8977107506,90.34572561147421,0.0001,24.4465
synthetic_demo,Dadar,368.4180482174553,533551.3560725142,115.26885050860572,0.0001,36.1174
synthetic_demo,Dadar,363.20822001286706,698835.1999874811,79.16467869605417,0.0001,44.2479
synthetic_demo,Dadar,483.93716005911915,636156.6658549468,105.69057549690213,0.0001,57.7756
synthetic_demo,Dadar,311.1342096003486,647771.3061157387,113.80539194905181,0.0001,47.4656
synthetic_demo,Dadar,447.0456480402536,490607.63231952285,98.77018892494115,0.0001,37.7489
synthetic_demo,Dadar,395.55717876149583,760167.7382733865,116.60192265494483,0.0001,41.3166
synthetic_demo,Dadar,435.80937437591325,523732.72598431417,117.33503609765933,0.0001,36.2349
synthetic_demo,Dadar,416.3720340099983,674646.282262875,146.3034979033068,0.0001,51.9496
synthetic_demo,Dadar,346.2343714470202,703425.7060480294,139.9854045559394,0.0001,47.2117
synthetic_demo,Dadar,466.4610248214187,736705.2401173554,90.0236177898169,0.0001,54.7199
synthetic_demo,Dadar,322.9684836532711,494182.58171180787,88.2533477333408,0.0001,28.7983
synthetic_demo,Dadar,326.28027879280177,444223.2411607096,135.5262054909689,0.0001,17.7544
synthetic_demo,Dadar,471.1291244885761,704340.2427063034,126.77821405384164,0.0001,64.9315
synthetic_demo,Dadar,314.05002488924754,594641.7921764504,127.94348996744307,0.0001,43.8381
synthetic_demo,Dadar,390.6165354239481,453009.4369247993,79.19560372514317,0.0001,12.7114
synthetic_demo,Dadar,530.9307763507873,683929.0717419644,125.10818992995468,0.0001,65.1939
synthetic_demo,Dadar,521.3298790581127,667608.1963372537,118.11084724142688,0.0001,65.6567
synthetic_demo,Dadar,425.81251286978727,473642.1577566722,88.14315579479056,0.0001,25.5272
synthetic_demo,Dadar,333.12504044394774,471852.8609817443,107.281646307531,0.0001,22.6596
synthetic_demo,Dadar,315.07866072254393,729984.256900566,132.80770787933622,0.0001,47.767
synthetic_demo,Dadar,283.67349342887553,427090.48891581607,102.72167454953565,0.0001,13.9323
synthetic_demo,Dadar,461.284145604985,414648.854139099,98.92430686531475,0.0001,28.028
synthetic_demo,Dadar,326.6163677893942,651779.7164411319,115.8390202003225,0.0001,46.3278
synthetic_demo,Dadar,306.20040776764796,461289.0833980924,96.9107769582592,0.0001,15.5018
synthetic_demo,Dadar,500.2782375454097,463087.65672518243,101.99728091619502,0.0001,28.0859
synthetic_demo,Dadar,428.7887086316408,584476.0081382846,121.78810845910832,0.0001,52.7998
synthetic_demo,Dadar,298.1597794286027,426061.91061955685,93.29314620533825,0.0001,10.9582
synthetic_demo,Dadar,335.84260455619057,609224.7903369141,120.59966252060595,0.0001,46.9452
synthetic_demo,Dadar,374.8986661826316,648714.8606140144,97.42801355416812,0.0001,45.8155
synthetic_demo,Dadar,379.32955739816197,566531.3249186812,128.28323060038943,0.0001,50.0527
synthetic_demo,Dadar,448.8102620984478,578525.5579876661,133.15712066654532,0.0001,51.0572
synthetic_demo,Dadar,311.0383908153577,444515.537523633,139.8158515120138,0.0001,22.1012
synthetic_demo,Dadar,490.2460954329381,440221.4980842719,78.20876881516745,0.0001,23.5666
synthetic_demo,Dadar,502.2128983434686,701053.1279389105,93.70124488582302,0.0001,59.206
synthetic_demo,Dadar,368.3168517263428,591454.6196589827,96.25708470215211,0.0001,47.1854
synthetic_demo,Dadar,314.32860157202657,622178.7345834197,113.23739371727638,0.0001,40.9602
synthetic_demo,Dadar,308.750535355977,563542.7051126871,119.52710310618802,0.0001,47.616
synthetic_demo,Dadar,388.14195840093686,637313.9885050927,94.11876213123166,0.0001,44.5158
synthetic_demo,Dadar,499.9118517426615,715281.517856492,107.48621348992887,0.0001,66.943
synthetic_demo,Dadar,543.5340463354725,721040.4854230421,115.17636837679336,0.0001,67.6614
synthetic_demo,Dadar,395.5352371059804,471932.3455956872,138.83113923389536,0.0001,27.6563
synthetic_demo,Dadar,312.93984600683007,649426.3149210222,131.80790237514637,0.0001,47.5979
synthetic_demo,Dadar,417.22698491208166,544269.5440637006,119.2941602738093,0.0001,41.3457
synthetic_demo,Dadar,326.8671288251217,698758.3973070029,135.14649275875468,0.0001,50.9122
synthetic_demo,Dadar,333.4947391050181,437530.21441559785,140.31312722930326,0.0001,11.3401
synthetic_demo,Dadar,365.9954333706218,580733.5886729662,96.92277888430404,0.0001,43.215
synthetic_demo,Dadar,285.70603657291434,705609.5235883817,120.9046036196228,0.0001,43.48
synthetic_demo,Dadar,427.56663673294133,427838.1990529134,122.81734180076333,0.0001,20.1579
synthetic_demo,Dadar,391.51773603290434,414887.9204913672,122.8995319008304,0.0001,13.503
synthetic_demo,Dadar,513.9539146548774,573711.7240156243,99.54565614698367,0.0001,60.0403
synthetic_demo,Dadar,535.1059691870787,581124.5453199573,125.05533261515512,0.0001,70.7763
synthetic_demo,Dadar,390.2855001256276,376020.0914247044,116.40063861025529,0.0001,15.9028
synthetic_demo,Dadar,399.0250433867681,574369.5594594437,75.82456755325427,0.0001,52.978
synthetic_demo,Dadar,496.3428618625541,536397.318452658,115.35213268519492,0.0001,51.183
synthetic_demo,Dadar,448.2331088164271,597836.5506273251,117.4756661791211,0.0001,53.548
synthetic_demo,Dadar,411.5783322669736,453156.0020495525,105.65277071427172,0.0001,18.3434
synthetic_demo,Dadar,475.55013772062233,471595.15181632177,83.31859152128403,0.0001,31.4625
synthetic_demo,Dadar,329.0492440321783,580338.4441267409,147.8877995075122,0.0001,54.8757
synthetic_demo,Dadar,370.3887293668524,518136.61895174347,110.9089361672131,0.0001,35.1639
synthetic_demo,Dadar,406.75527579922954,486768.8249589741,133.01059265181658,0.0001,28.684
synthetic_demo,Dadar,473.9536202126571,496257.4423540631,97.9323659889219,0.0001,39.655
synthetic_demo,Dadar,304.8833732456991,676565.6322252193,125.95198272747027,0.0001,53.6465
synthetic_demo,Dadar,489.79313388195186,661605.6452820385,122.38028741588951,0.0001,62.2523
synthetic_demo,Dadar,403.9393070113822,451949.2676918563,88.13910211829574,0.0001,11.1923
synthetic_demo,Dadar,356.9840346199304,605592.5684184706,115.74571218560926,0.0001,51.0246
synthetic_demo,Dadar,334.1125056418446,766755.2474614053,97.03456705204007,0.0001,47.056
synthetic_demo,Dadar,515.6549372345694,616049.8253260611,86.07693055115446,0.0001,61.2031
synthetic_demo,Dadar,315.439462576362,497561.5657258985,110.12073175630414,0.0001,24.3432
synthetic_demo,Dadar,303.14272532106077,525260.1836894844,97.6143393945839,0.0001,34.5393
synthetic_demo,Dadar,348.0706053110841,440880.34468909824,103.12747577113656,0.0001,15.5189
synthetic_demo,Dadar,519.6040304948244,501296.42748181307,90.11258278024647,0.0001,51.6706
synthetic_demo,Dadar,443.605739336403,516852.7977045888,139.6630981280741,0.0001,40.02
synthetic_demo,Dadar,464.88994840944224,520300.43608236325,91.10754168686242,0.0001,45.0941
synthetic_demo,Dadar,394.4460862318531,647208.9253630418,111.32291232469058,0.0001,44.6725
synthetic_demo,Dadar,276.10166724577914,631737.049139398,81.0329910162168,0.0001,44.1173
synthetic_demo,Dadar,488.3900524928056,718123.3945258708,121.22845629485934,0.0001,62.9439
synthetic_demo,Dadar,508.8296064570614,625048.8160828605,130.3805855935448,0.0001,61.6297
synthetic_demo,Dadar,371.2306413388819,654966.9983621014,128.24558150784623,0.0001,53.1636
synthetic_demo,Dadar,369.92879430567865,704113.2437556208,91.82445560070245,0.0001,51.7463
synthetic_demo,Dadar,466.85910402855154,721801.4956757689,90.1337690242357,0.0001,55.1733
synthetic_demo,Dadar,379.699627867025,506105.6472675135,139.31596747872487,0.0001,39.3108
synthetic_demo,Dadar,358.2324629656122,683588.3181980294,99.99569516394031,0.0001,42.8495
synthetic_demo,Dadar,438.3537872889479,745264.0753996363,125.10298920461237,0.0001,48.9062
synthetic_demo,Dadar,482.5830084402136,482439.2451849269,130.7395211758344,0.0001,36.1125
synthetic_demo,Dadar,350.29993490696046,411974.6378135435,112.20453060672116,0.0001,17.0535
synthetic_demo,Dadar,357.8864950181285,464026.06833290705,89.07859785710562,0.0001,18.9077
synthetic_demo,Dadar,538.0259106345211,602118.8458054613,113.78135660871997,0.0001,68.767
synthetic_demo,Dadar,367.24850255980385,690250.473322485,115.20428150990124,0.0001,44.9999
synthetic_demo,Dadar,336.40708062342384,688611.1335374156,117.62651659786573,0.0001,50.0982
synthetic_demo,Dadar,416.2099779012252,411070.8263852489,97.05349034056373,0.0001,14.4469
synthetic_demo,Dadar,477.1193013216619,481166.44050686894,104.84477977020398,0.0001,37.1676
synthetic_demo,Dadar,348.9623179254641,573562.287231286,77.57283167046488,0.0001,47.6176
synthetic_demo,Dadar,507.70288864878484,601372.3035086805,118.06369223719206,0.0001,67.6024
synthetic_demo,Dadar,305.24888908089036,550915.6614849877,135.85531833621872,0.0001,42.1871
synthetic_demo,Dadar,441.6844739072294,762123.0512326536,135.26667209679866,0.0001,54.0733
synthetic_demo,Dadar,449.9782931482127,608969.2997791406,113.13924838221814,0.0001,54.1834
synthetic_demo,Dadar,321.16608351561047,646417.5456098557,99.01528506294365,0.0001,46.55
synthetic_demo,Dadar,487.1052070245744,596425.8193831055,100.5422828372126,0.0001,61.1455
synthetic_demo,Dadar,456.50188546870834,466009.86573058454,98.04215034597075,0.0001,27.4635
synthetic_demo,Dadar,492.06189604029214,719167.447231909,113.96425101192045,0.0001,60.5071
synthetic_demo,Dadar,372.7968284794438,597425.0000226825,82.52651322203714,0.0001,44.9549
synthetic_demo,Dadar,474.3414938847011,438358.89925327856,96.66886589987865,0.0001,21.364
synthetic_demo,Dadar,287.8032756773304,762004.2508421566,83.91872098256151,0.0001,42.9208
synthetic_demo,Dadar,341.8268018080488,444089.07370101794,105.43714428022741,0.0001,13.034
synthetic_demo,Dadar,341.74846825153327,464319.3018120157,82.25653076736346,0.0001,16.66
synthetic_demo,Dadar,411.7145453270896,516258.6580268443,85.38667301779299,0.0001,29.0561
synthetic_demo,Dadar,402.80678219573275,491517.69172897574,72.64957072084285,0.0001,22.0449
synthetic_demo,Dadar,442.12095687020184,762854.8952364146,106.06475059418041,0.0001,49.9945
synthetic_demo,Dadar,444.2351556558217,471777.0273558063,75.85274876082408,0.0001,28.5466
synthetic_demo,Dadar,295.3805854996669,470897.1598196424,99.18057778253382,0.0001,21.563
synthetic_demo,Dadar,472.42072298299945,723526.8862903342,99.64711538793802,0.0001,58.1982
synthetic_demo,Dadar,498.07405675004145,644910.467388244,125.05756410299148,0.0001,62.809
synthetic_demo,Dadar,349.26665478908404,638967.8937581178,117.0891126397059,0.0001,51.3348
synthetic_demo,Dadar,355.9615618225924,528790.4431990323,134.05956954068853,0.0001,33.1728
synthetic_demo,Dadar,488.64060992741355,633481.8780694727,88.85747304775103,0.0001,61.1692
synthetic_demo,Dadar,293.65990936077725,602342.5539659742,84.40171416837964,0.0001,49.5899
synthetic_demo,Dadar,369.46993473210205,720319.9833015546,118.78292949520353,0.0001,46.8421
synthetic_demo,Dadar,474.48477062748964,497971.5272863096,123.62317679542396,0.0001,38.5184
synthetic_demo,Dadar,439.08365896489164,519493.6193726211,84.29661719906935,0.0001,35.8096
synthetic_demo,Dadar,381.2963211065915,675114.1123559483,127.7674015811564,0.0001,46.3244
synthetic_demo,Dadar,399.7187427273763,680490.5840552947,96.8786530227231,0.0001,47.7849
synthetic_demo,Dadar,489.7186151230446,660763.5272572142,103.33463784002664,0.0001,58.9325
synthetic_demo,Dadar,484.33450519250863,679711.2572821819,109.90447913889165,0.0001,58.0033
synthetic_demo,Dadar,291.22163491208187,565368.6634306688,91.1414196073962,0.0001,44.1992
synthetic_demo,Dadar,293.1661992526029,421375.7945054861,90.18392214271653,0.0001,14.2757
synthetic_demo,Dadar,412.70581752327064,410937.0317365316,116.5844229637028,0.0001,10.0
synthetic_demo,Dadar,357.2087459144853,623261.9223543718,140.76989919320556,0.0001,50.9639
synthetic_demo,Dadar,434.65091789548006,745738.5469284611,83.06038720685864,0.0001,51.3309
synthetic_demo,Dadar,477.4619394867769,708315.9269543681,112.12236242382622,0.0001,63.0325
synthetic_demo,Dadar,349.1490426042096,463121.5648641844,124.88621240622619,0.0001,19.1648
synthetic_demo,Dadar,329.6816427895672,551651.613292296,81.4273153917439,0.0001,41.4279
synthetic_demo,Dadar,537.5682848334894,468312.6739478445,96.86091194704096,0.0001,43.9739
synthetic_demo,Dadar,336.9088267738592,477301.8342569617,82.01262693541304,0.0001,22.785
synthetic_demo,Dadar,430.80404272238883,626295.6222835651,121.71699922585714,0.0001,50.712
synthetic_demo,Dadar,493.91427577178445,480903.2666618455,95.92450302466675,0.0001,40.4637
synthetic_demo,Dadar,311.50837215835145,542086.869198547,89.84690329672098,0.0001,33.5838
synthetic_demo,Dadar,457.5567504677295,574364.8644522516,128.14414429295638,0.0001,52.9055
synthetic_demo,Dadar,493.8432856462854,426068.1866171568,128.3374635641407,0.0001,27.0519
synthetic_demo,Dadar,441.1883704534361,728868.9701160791,131.97808251799412,0.0001,56.8971
synthetic_demo,Dadar,294.5627361930112,593903.496791713,96.49730737970424,0.0001,43.5727
synthetic_demo,Dadar,413.70074007669643,790567.0756677577,76.91049551449916,0.0001,45.0867
synthetic_demo,Dadar,449.2696876499944,681289.811463783,129.78469118911457,0.0001,56.8923
synthetic_demo,Dadar,493.87118121939744,706775.6386671433,111.5717209058041,0.0001,61.3733
synthetic_demo,Dadar,461.7807213469583,756676.2472126747,132.75784448182193,0.0001,59.8492
synthetic_demo,Dadar,295.94845120291086,597681.6932344456,81.89420191703663,0.0001,46.6664
synthetic_demo,Dadar,510.2936474507481,681129.7507178243,79.79292768717795,0.0001,57.0111
synthetic_demo,Dadar,543.097602408444,598345.9217526873,90.7353814076857,0.0001,66.691
synthetic_demo,Dadar,397.339374853518,444732.6655863509,98.44741604964604,0.0001,11.2519
synthetic_demo,Dadar,352.5332638549541,468046.01258316287,77.14722469486325,0.0001,23.9331
synthetic_demo,Dadar,511.6646025354015,504744.495409537,119.9817869500981,0.0001,48.039
synthetic_demo,Dadar,426.1776619034104,584515.6745278114,127.41026006330023,0.0001,56.1994
synthetic_demo,Dadar,289.3590474985416,555212.781463578,136.0904544793681,0.0001,50.6267
synthetic_demo,Dadar,276.92153895982847,459545.28619503306,128.293162516638,0.0001,20.6338
synthetic_demo,Dadar,357.7578557593527,685858.7540973418,115.11582221936,0.0001,44.2052
synthetic_demo,Dadar,307.3447183950731,735018.037306898,106.80385412176538,0.0001,49.0646
synthetic_demo,Dadar,351.7043747470345,413756.033294106,132.18134175238427,0.0001,17.9346
synthetic_demo,Dadar,402.32513137012415,400574.08905102784,141.58149835897268,0.0001,16.2065
synthetic_demo,Dadar,309.3130234805096,411017.7210903003,102.22777159701998,0.0001,15.5574
synthetic_demo,Dadar,322.37591109199604,587213.9835104774,92.8825816680904,0.0001,48.2084
synthetic_demo,Dadar,403.42832269945137,630084.32672334,120.09271574461123,0.0001,46.3671
synthetic_demo,Dadar,372.70126731260456,512446.62355417776,85.50945828382783,0.0001,31.9085
synthetic_demo,Dadar,565.9109441415525,523460.782825292,103.8573022725629,0.0001,58.8108
synthetic_demo,Dadar,387.60099148415804,565885.267775751,99.56532459165965,0.0001,46.3637
synthetic_demo,Dadar,438.78883105258603,669822.6816493957,83.14704720187436,0.0001,49.8832
synthetic_demo,Dadar,365.021369071092,557687.4791270946,136.88828681743973,0.0001,42.9675
synthetic_demo,Dadar,356.02505141368596,642074.5364589484,112.5326358584913,0.0001,48.1868
synthetic_demo,Dadar,506.81390366348177,549844.4834052547,80.25656981104751,0.0001,55.7371
synthetic_demo,Dadar,531.2681316853108,661616.3131918474,81.88542620454953,0.0001,66.1027
synthetic_demo,Vikhroli,711.0909884723965,559802.9324219135,237.61538619757238,0.0001,88.9061
synthetic_demo,Vikhroli,504.2969761972894,582312.2842399015,208.12044727699327,0.0001,74.0575
synthetic_demo,Vikhroli,557.6572243548119,385823.3778477601,150.19027996940804,0.0001,46.3356
synthetic_demo,Vikhroli,776.2632071443015,540802.5273379411,198.51378446517361,0.0001,84.2736
synthetic_demo,Vikhroli,600.843706948562,395272.8927184058,242.8590137118847,0.0001,60.8682
synthetic_demo,Vikhroli,659.9161008143406,633870.6276243938,206.89990492235836,0.0001,97.8908
synthetic_demo,Vikhroli,847.4535065601548,414071.743152388,195.08196686378545,0.0001,67.8167
synthetic_demo,Vikhroli,606.906820571827,414867.16553294455,208.961482065778,0.0001,61.8825
synthetic_demo,Vikhroli,538.2909372653016,451543.5050783706,169.25473505890204,0.0001,49.34
synthetic_demo,Vikhroli,535.0589672135247,399045.6254426322,185.6824281855311,0.0001,49.3558
synthetic_demo,Vikhroli,523.0922950465581,459835.17135690915,230.4504570414387,0.0001,53.7131
synthetic_demo,Vikhroli,746.2570670187338,496172.2930513853,219.37220406468003,0.0001,76.8545
synthetic_demo,Vikhroli,607.0574228679814,449846.7576862681,174.18112343802466,0.0001,59.0218
synthetic_demo,Vikhroli,482.2626239321571,368882.5561973286,238.2505706326235,0.0001,40.6946
synthetic_demo,Vikhroli,629.6108603394766,535877.1340643506,162.2649924412208,0.0001,82.34
synthetic_demo,Vikhroli,614.0689509128397,501889.0924966028,263.9038928249067,0.0001,77.7995
synthetic_demo,Vikhroli,473.8662655047693,399749.414993219,205.35627232761018,0.0001,44.0059
synthetic_demo,Vikhroli,659.9063440204912,391450.6332076698,201.25295296739367,0.0001,60.5794
synthetic_demo,Vikhroli,741.6284165818246,509586.691930559,170.0845035795841,0.0001,72.0141
synthetic_demo,Vikhroli,732.062057790421,354514.14102152985,217.3172539294445,0.0001,62.3806
synthetic_demo,Vikhroli,452.9971772846541,441000.4865437601,230.55704625424912,0.0001,31.1924
synthetic_demo,Vikhroli,595.8552345013176,489052.40465789445,246.70809728461293,0.0001,69.0366
synthetic_demo,Vikhroli,781.6251999283891,471343.34570311545,206.4036343586724,0.0001,68.6335
synthetic_demo,Vikhroli,584.7795391612667,472103.2110017106,140.39095529259401,0.0001,56.4896
synthetic_demo,Vikhroli,602.0394283957176,635821.7138206301,265.6716210871817,0.0001,90.2625
synthetic_demo,Vikhroli,624.9523834752646,440074.6414755759,178.2017674569401,0.0001,66.2204
synthetic_demo,Vikhroli,706.007099276092,392384.5737137868,181.96391800024728,0.0001,60.1966
synthetic_demo,Vikhroli,607.2582610314334,478858.159391195,198.26525813892647,0.0001,71.9569
synthetic_demo,Vikhroli,642.5774175448988,469991.3128594704,172.81728717269252,0.0001,65.1589
synthetic_demo,Vikhroli,514.340805683317,559067.9723736456,199.47615474574525,0.0001,74.2754
synthetic_demo,Vikhroli,754.9735977567306,310684.2583665701,154.39043221322248,0.0001,61.045
synthetic_demo,Vikhroli,563.8889252963086,376476.94961970235,150.84041192435419,0.0001,45.5576
synthetic_demo,Vikhroli,471.25110493728613,635359.5022457887,208.1283783150709,0.0001,69.1553
synthetic_demo,Vikhroli,544.054798337129,510899.94120507705,160.28026535517438,0.0001,61.5631
synthetic_demo,Vikhroli,562.2621010004907,514203.72694616934,194.30134160611854,0.0001,77.8119
synthetic_demo,Vikhroli,521.4046529169993,523158.00599316583,245.75820203410143,0.0001,65.0841
synthetic_demo,Vikhroli,864.671746173901,432135.1524106082,172.04529088625495,0.0001,60.2075
synthetic_demo,Vikhroli,761.3967553027717,471725.6739853682,157.83242804226654,0.0001,64.2983
synthetic_demo,Vikhroli,492.929127827121,359873.0149183916,190.22572131447785,0.0001,41.8919
synthetic_demo,Vikhroli,729.6530783052208,600173.2488920027,184.59201740813327,0.0001,96.809
synthetic_demo,Vikhroli,539.21488520792,471941.6608237419,169.55563750523652,0.0001,51.529
synthetic_demo,Vikhroli,678.2603716120617,476186.25563706283,214.5599096691836,0.0001,69.0916
synthetic_demo,Vikhroli,789.8980141383562,561233.8422987836,226.03322187513015,0.0001,87.0205
synthetic_demo,Vikhroli,506.66803277324374,384068.3556344224,220.13093725795002,0.0001,45.1157
synthetic_demo,Vikhroli,479.7032435187488,395299.70461175294,141.68154640212614,0.0001,28.7791
synthetic_demo,Vikhroli,664.9321418884598,464007.52305509796,202.81844005737176,0.0001,66.3335
synthetic_demo,Vikhroli,774.1539875568114,414403.8066824032,157.9668519701313,0.0001,55.5184
synthetic_demo,Vikhroli,841.2349040028801,328343.6548242577,208.36946319416057,0.0001,62.6671
synthetic_demo,Vikhroli,626.6143656003976,500166.3167123626,215.97852184491487,0.0001,78.032
synthetic_demo,Vikhroli,733.5171240199917,542187.8455806976,167.1048728640403,0.0001,79.6674
synthetic_demo,Vikhroli,544.9960008965927,503858.99448138685,184.64920262773023,0.0001,62.4573
synthetic_demo,Vikhroli,725.4341883168092,480372.91558700515,201.95588882501337,0.0001,73.5875
synthetic_demo,Vikhroli,610.1372734881514,399851.81076569686,158.36656193577375,0.0001,54.7429
synthetic_demo,Vikhroli,559.729620974123,391901.7031122017,170.11185805074973,0.0001,52.2046
synthetic_demo,Vikhroli,576.6349495491893,382740.55642429035,164.60094814964097,0.0001,53.1415
synthetic_demo,Vikhroli,507.2271730339151,424781.955425307,242.84876770830434,0.0001,45.0633
synthetic_demo,Vikhroli,644.6935433764583,428087.1349223938,183.08985815573357,0.0001,62.392
synthetic_demo,Vikhroli,580.8704329791427,382414.28420709627,186.7990875628824,0.0001,55.6162
synthetic_demo,Vikhroli,570.5713659165392,430424.9984005237,214.02073367398108,0.0001,53.4179
synthetic_demo,Vikhroli,699.6273992331353,605225.9118701117,206.43981768069082,0.0001,100.0
synthetic_demo,Vikhroli,615.356606929778,428768.9188182329,241.04219386396377,0.0001,60.6707
synthetic_demo,Vikhroli,488.48581327588863,509954.7724585723,142.95954095237985,0.0001,46.7785
synthetic_demo,Vikhroli,655.0402287345257,333153.9268198664,163.8250352859434,0.0001,61.4771
synthetic_demo,Vikhroli,494.1332648833359,595848.3494199887,140.8033800404226,0.0001,61.233
synthetic_demo,Vikhroli,630.9759172492843,603313.7152490474,230.564138573956,0.0001,94.9896
synthetic_demo,Vikhroli,639.2271590166526,492681.3912664547,143.49688427819223,0.0001,69.0496
synthetic_demo,Vikhroli,518.8356527461938,614961.0207552718,187.39776319428623,0.0001,80.4149
synthetic_demo,Vikhroli,466.95631186118305,549659.0372558481,237.75930694306484,0.0001,59.2337
synthetic_demo,Vikhroli,438.83174340781386,488050.22808709886,181.6508442534364,0.0001,37.261
synthetic_demo,Vikhroli,441.3859663493336,557184.0330619757,202.64935959067589,0.0001,58.6941
synthetic_demo,Vikhroli,795.0398448187727,441745.8472554694,200.39293575184658,0.0001,61.0479
synthetic_demo,Vikhroli,503.04610882997065,364625.1105792436,140.00383041349707,0.0001,40.7841
synthetic_demo,Vikhroli,792.2035100286093,471549.6534683288,139.60479685866773,0.0001,58.5253
synthetic_demo,Vikhroli,459.9583565696157,498389.3252590243,152.71234516436664,0.0001,40.5197
synthetic_demo,Vikhroli,797.4261620677464,455037.4376237475,215.56988689501873,0.0001,68.5801
synthetic_demo,Vikhroli,477.3886240000686,432462.4591708349,188.1165311488618,0.0001,42.317
synthetic_demo,Vikhroli,781.5406707756367,359736.29350984056,230.53810308601868,0.0001,62.3814
synthetic_demo,Vikhroli,606.1348431822769,519761.94739498856,153.54711988830311,0.0001,74.8413
synthetic_demo,Vikhroli,766.70843273869,470854.7546116866,227.8709943446037,0.0001,70.0035
synthetic_demo,Vikhroli,669.1434158311536,383582.85917706665,242.97204645212682,0.0001,59.5594
synthetic_demo,Vikhroli,482.57493885565896,490251.8401546953,199.58394081767122,0.0001,52.3855
synthetic_demo,Vikhroli,712.4639000269423,675401.5682051232,179.46655319427944,0.0001,91.0864
synthetic_demo,Vikhroli,561.7180329753764,580206.0715993238,159.19684357962961,0.0001,79.3909
synthetic_demo,Vikhroli,568.9982868360568,356299.7263199141,193.0990868513278,0.0001,50.694
synthetic_demo,Vikhroli,449.4507173687993,376891.7932180365,233.99287213430463,0.0001,29.7793
synthetic_demo,Vikhroli,522.7262099176879,450942.05510724714,213.51319205806413,0.0001,45.7038
synthetic_demo,Vikhroli,472.36357745857083,521348.5709107098,134.53728677796883,0.0001,49.3127
synthetic_demo,Vikhroli,781.2915943478357,539431.51473729,249.52933382027564,0.0001,92.011
synthetic_demo,Vikhroli,738.4337730629209,367398.7667349521,240.1152570086731,0.0001,66.3658
synthetic_demo,Vikhroli,775.7062515980414,426451.1733216953,208.61733744195675,0.0001,68.279
synthetic_demo,Vikhroli,545.485566334807,386760.7782801003,218.12294888136023,0.0001,52.0665
synthetic_demo,Vikhroli,517.8924545041341,591019.3356229473,172.16827304573354,0.0001,71.4928
synthetic_demo,Vikhroli,576.0804023726238,552554.1016076264,202.18598585525888,0.0001,79.3129
synthetic_demo,Vikhroli,673.0351231495349,374760.27260958205,234.5123990771137,0.0001,61.7032
synthetic_demo,Vikhroli,754.2599519417435,338721.0717147084,166.75902130754804,0.0001,57.3728
synthetic_demo,Vikhroli,449.32047199261234,514958.95386637864,240.0286230196265,0.0001,55.7401
synthetic_demo,Vikhroli,676.8091515223076,567996.0593097461,225.03011575588496,0.0001,92.4672
synthetic_demo,Vikhroli,761.6645018942919,518630.7253402473,172.14446650091625,0.0001,74.9354
synthetic_demo,Vikhroli,464.7452615451992,542862.053108049,250.16408160137826,0.0001,60.3744
synthetic_demo,Vikhroli,479.1258435931789,383273.951007292,225.40530220916585,0.0001,39.8292
synthetic_demo,Vikhroli,587.2567600483342,512951.0522027361,259.25523299668185,0.0001,71.5893
synthetic_demo,Vikhroli,627.6555103361936,627749.0667065511,140.6057316528925,0.0001,85.7095
synthetic_demo,Vikhroli,754.2184126605804,491906.2931890721,174.74394674003491,0.0001,77.0677
synthetic_demo,Vikhroli,564.5849265075503,434600.1285590168,162.5988871094565,0.0001,48.6432
synthetic_demo,Vikhroli,802.7833486063614,386340.2328632763,238.12015092108186,0.0001,65.1381
synthetic_demo,Vikhroli,582.6352082150595,621187.1081087281,157.47285331556506,0.0001,77.5884
synthetic_demo,Vikhroli,697.009956091595,617059.5037157035,162.86415459334708,0.0001,94.0488
synthetic_demo,Vikhroli,648.2374144847716,585776.7455328236,178.18216962424415,0.0001,89.6273
synthetic_demo,Vikhroli,661.1187798315851,506038.80961572716,178.45298788073092,0.0001,78.3802
synthetic_demo,Vikhroli,522.3335331958303,424223.7505943562,213.54331996499798,0.0001,44.5115
synthetic_demo,Vikhroli,510.8588497477794,423215.88304309465,150.88471280710704,0.0001,35.7001
synthetic_demo,Vikhroli,508.9272151302855,390286.1285674441,185.9561035933133,0.0001,46.3745
synthetic_demo,Vikhroli,652.5104385058968,585546.8399282352,180.12396967164733,0.0001,90.0984
synthetic_demo,Vikhroli,663.7306218108835,505046.8584609069,192.18635799449882,0.0001,74.2347
synthetic_demo,Vikhroli,652.0580000759836,474376.09122547536,194.46419262175758,0.0001,69.1843
synthetic_demo,Vikhroli,634.3244793221621,344102.9684736354,190.75541442225997,0.0001,65.3642
synthetic_demo,Vikhroli,682.283413641424,418291.4100979836,249.77908115875394,0.0001,61.8336
synthetic_demo,Vikhroli,622.2339909503792,337060.9491032851,225.09454870369217,0.0001,65.7001
synthetic_demo,Vikhroli,496.20166397513447,347545.51560813305,215.173257482073,0.0001,38.4516
synthetic_demo,Vikhroli,592.9992245693421,569673.1603580012,218.79209526777092,0.0001,86.2818
synthetic_demo,Vikhroli,507.35085799386394,483822.4942443623,182.8037314881462,0.0001,53.566
synthetic_demo,Vikhroli,463.4169336400711,466266.7159673033,197.9472828776932,0.0001,41.222
synthetic_demo,Vikhroli,781.6075264362516,565271.2919718667,242.7257773232937,0.0001,93.0232
synthetic_demo,Vikhroli,478.3006568803303,593593.9781149377,246.09278305001646,0.0001,72.7435
synthetic_demo,Vikhroli,451.8911310625864,395173.8534296253,242.80780083532227,0.0001,30.5729
synthetic_demo,Vikhroli,728.9120467007168,382640.679043848,229.90043822868813,0.0001,60.3613
synthetic_demo,Vikhroli,726.9263705648989,456038.9773829232,239.66604052548266,0.0001,67.6198
synthetic_demo,Vikhroli,782.2640503144077,376007.58824104787,245.29101569076212,0.0001,64.4738
synthetic_demo,Vikhroli,474.28611007348803,579194.5442569078,240.93562193237827,0.0001,70.9507
synthetic_demo,Vikhroli,537.2537797871893,544773.4500406601,163.79993572109296,0.0001,68.4886
synthetic_demo,Vikhroli,554.6690903395224,529375.8327286937,245.2716781922587,0.0001,69.5357
synthetic_demo,Vikhroli,822.3514864185289,349998.9691774837,225.50349550270363,0.0001,64.5693
synthetic_demo,Vikhroli,585.7121333404488,371408.65700738685,205.61755992051113,0.0001,51.3404
synthetic_demo,Vikhroli,514.098794853724,574322.3319319126,167.3882362525408,0.0001,72.6374
synthetic_demo,Vikhroli,601.4534280355177,388577.4697891369,235.11465504808692,0.0001,55.2224
synthetic_demo,Vikhroli,777.7738310195832,593257.8163444771,227.85074897277445,0.0001,94.5032
synthetic_demo,Vikhroli,676.0182663283546,610599.1080581507,184.5765580594731,0.0001,94.8374
synthetic_demo,Vikhroli,614.0631109388761,535837.1552657076,143.8795779840785,0.0001,73.6658
synthetic_demo,Vikhroli,715.6666252961174,589320.831404606,170.64914413480793,0.0001,88.7221
synthetic_demo,Vikhroli,745.8144895387804,456890.02884081454,230.46351458320493,0.0001,70.9145
synthetic_demo,Vikhroli,591.7145073584113,523922.541229365,138.14697349097708,0.0001,69.5114
synthetic_demo,Vikhroli,558.7147691632687,434482.6802574811,191.59028946220357,0.0001,42.8309
synthetic_demo,Vikhroli,797.8533732611537,587670.9839692632,163.11981512614494,0.0001,90.9807
synthetic_demo,Vikhroli,645.7970984826288,518940.1291895241,199.27423306144846,0.0001,77.0853
synthetic_demo,Vikhroli,706.6273208027832,398131.14781134087,159.19030732798316,0.0001,53.0631
synthetic_demo,Vikhroli,683.0983320311854,559771.1870330311,176.00505698772133,0.0001,83.1648
synthetic_demo,Vikhroli,451.2020035790046,391107.50441534835,152.22800793204175,0.0001,25.2601
synthetic_demo,Vikhroli,452.8741360241996,406228.9109964596,194.16717815938094,0.0001,35.054
synthetic_demo,Vikhroli,779.2790662099294,600998.7912698523,213.62186134377566,0.0001,100.0
synthetic_demo,Vikhroli,638.4775600026067,436840.02489568223,227.49081516769658,0.0001,62.4466
synthetic_demo,Vikhroli,468.30629487997123,415145.49137701513,163.7366705887468,0.0001,31.1832
synthetic_demo,Vikhroli,781.5225949563785,465180.4767321118,195.59018993689045,0.0001,64.3563
synthetic_demo,Vikhroli,724.5585117793861,378633.7379334209,140.0429151380288,0.0001,61.0858
synthetic_demo,Vikhroli,695.68161666957,486396.20523677603,143.10515778935837,0.0001,66.4066
synthetic_demo,Vikhroli,656.0105045997365,342323.50652401533,198.06240773803808,0.0001,62.8264
synthetic_demo,Vikhroli,523.7694959907865,577946.6655937426,141.02732375214944,0.0001,66.9305
synthetic_demo,Vikhroli,684.8892655152482,383571.0562175263,198.2656171272249,0.0001,66.8865
synthetic_demo,Vikhroli,586.2836179607847,466851.53942452365,197.3123522314616,0.0001,61.5295
synthetic_demo,Vikhroli,651.4981998670016,533567.8125656457,247.13641067211668,0.0001,82.6847
synthetic_demo,Vikhroli,618.2170328646503,599431.4308437867,238.13159923096288,0.0001,94.4156
synthetic_demo,Vikhroli,501.44232767150413,377487.8160655581,232.4606016817924,0.0001,42.8646
synthetic_demo,Vikhroli,787.8973123331737,602528.0351821085,154.7927164052626,0.0001,94.3374
synthetic_demo,Vikhroli,479.9089817220553,631337.613237829,248.00793829748474,0.0001,72.2243
synthetic_demo,Vikhroli,434.55486009933355,619291.1243188103,182.68546984879313,0.0001,61.405
synthetic_demo,Vikhroli,614.4782821094797,621891.8777622771,142.46534195205103,0.0001,86.4438
synthetic_demo,Vikhroli,773.7649410443886,453542.83442527894,194.31976509547403,0.0001,61.9535
synthetic_demo,Vikhroli,543.8272800171959,621326.2375331733,140.47853648644076,0.0001,73.1325
synthetic_demo,Vikhroli,548.4141993026677,606297.7874096804,143.28911985773797,0.0001,76.4016
synthetic_demo,Vikhroli,648.5075019366731,455402.9283269052,149.475213843906,0.0001,61.2283
synthetic_demo,Vikhroli,565.4967255413884,493892.9209687934,147.87329516486807,0.0001,61.4989
synthetic_demo,Vikhroli,569.2226029506428,625114.6096795377,187.09104940518986,0.0001,85.1695
synthetic_demo,Vikhroli,806.6853950668533,559274.3822002077,158.769268455069,0.0001,83.1588
synthetic_demo,Vikhroli,660.9765988996319,378809.41409139714,164.63208079240422,0.0001,60.9656
synthetic_demo,Vikhroli,666.5225213720644,410238.05304525065,170.630591660342,0.0001,57.3017
synthetic_demo,Vikhroli,512.4745358882924,371184.7876105409,209.63504643497927,0.0001,46.7112
synthetic_demo,Vikhroli,726.0477854480698,523618.885866115,171.95748209909877,0.0001,80.8823
synthetic_demo,Vikhroli,425.64931331519995,561261.7558520308,182.87809203128114,0.0001,50.1147
synthetic_demo,Vikhroli,582.2433370706677,519027.00866606063,186.67137132913717,0.0001,65.957
synthetic_demo,Vikhroli,742.3620803881379,455150.281756536,137.58453936321033,0.0001,54.799
synthetic_demo,Vikhroli,763.5601683792644,397583.9032434828,213.51340723659158,0.0001,62.3991
synthetic_demo,Vikhroli,451.53875539603445,562663.2072133708,203.4502749038329,0.0001,60.2335
synthetic_demo,Vikhroli,685.8474274814026,417454.9978925472,236.63569426480075,0.0001,65.4971
synthetic_demo,Vikhroli,536.9460172312374,508775.7019841969,153.91233448145135,0.0001,59.733
synthetic_demo,Vikhroli,493.59543323662405,400571.5168854229,185.2731620459089,0.0001,33.5701
synthetic_demo,Vikhroli,715.7435141881938,422057.25931163796,190.2449563418657,0.0001,63.9289
synthetic_demo,Vikhroli,498.0653570973419,580978.4430265431,152.18576403152434,0.0001,67.123
synthetic_demo,Vikhroli,731.3672735277675,494335.9144337227,244.63464300767356,0.0001,79.2616
synthetic_demo,Vikhroli,524.4273841705788,382922.52168452897,222.15508021537352,0.0001,43.5364
synthetic_demo,Vikhroli,444.5980623399825,491904.48831220524,203.94422470244376,0.0001,46.4883
synthetic_demo,Vikhroli,714.4277338408524,562477.1328861063,187.65474822083362,0.0001,90.063
synthetic_demo,Vikhroli,742.2874325373043,631045.0615842283,248.04685393757106,0.0001,98.3599
synthetic_demo,Vikhroli,725.8719451996506,391547.566527091,156.72641541413319,0.0001,57.4093
synthetic_demo,Vikhroli,811.1124727315174,540875.4772074189,243.48415038884053,0.0001,86.4314
synthetic_demo,Vikhroli,672.7912584647819,494577.62229742645,163.0411611644314,0.0001,64.8732
synthetic_demo,Vikhroli,485.3031850509308,513966.95753012324,167.608680654551,0.0001,44.112
synthetic_demo,Vikhroli,718.26768521637,433730.2438250012,159.51535352437946,0.0001,58.6572
synthetic_demo,Vikhroli,602.0303355244415,542561.8790177419,219.7280077489397,0.0001,85.252
synthetic_demo,Vikhroli,525.9496643518751,514362.3610582931,178.03899089564175,0.0001,55.6708
synthetic_demo,Vikhroli,556.6237687907679,391900.68574379577,217.58304386412038,0.0001,55.37
synthetic_demo,Vikhroli,558.6072970100596,426884.0053001859,175.89131277103834,0.0001,48.802
synthetic_demo,Vikhroli,739.0336627982316,590486.9064134787,156.17220349347508,0.0001,89.4665
synthetic_demo,Vikhroli,555.126938012454,513227.33057384245,227.8029895089306,0.0001,66.3
synthetic_demo,Vikhroli,514.7833056383896,514921.59929163416,230.82686738961434,0.0001,66.8777
synthetic_demo,Vikhroli,440.0912816991981,483743.70477362577,200.42681035759577,0.0001,41.5092
synthetic_demo,Vikhroli,672.6084059900681,502917.0243216588,222.7920863846352,0.0001,78.6367
synthetic_demo,Vikhroli,610.8170006288052,466619.2574720849,151.98219813175407,0.0001,59.388
synthetic_demo,Vikhroli,587.3033058849645,470074.3814455512,264.80502113095423,0.0001,64.1252
synthetic_demo,Vikhroli,726.3296415370367,541568.5874854478,167.68555507159002,0.0001,80.4369
synthetic_demo,Vikhroli,670.5192468226602,554029.7465572312,215.47151206548557,0.0001,88.5712
synthetic_demo,Vikhroli,668.3898672334484,390003.03653070756,232.6831672494625,0.0001,59.6592
synthetic_demo,Vikhroli,678.4809100857111,357507.1260101282,197.42053642233884,0.0001,62.4029
synthetic_demo,Vikhroli,789.2835421544744,619385.8335029748,163.262465369949,0.0001,90.1814
synthetic_demo,Vikhroli,711.2046411198335,406934.60801112506,136.65631190477836,0.0001,49.3717
synthetic_demo,Vikhroli,743.3494894859549,510212.51570858964,220.1135544250313,0.0001,76.0976
synthetic_demo,Vikhroli,661.3656716066404,392527.19944510807,227.3776534777444,0.0001,62.2611
synthetic_demo,Vikhroli,513.0624480523811,639460.0583547113,137.4548242234313,0.0001,66.7186
synthetic_demo,Vikhroli,618.3064219764198,445773.5728863641,211.60382151211687,0.0001,69.2314
synthetic_demo,Vikhroli,660.5562355751517,560229.0519197636,169.23054565374667,0.0001,85.5427
synthetic_demo,Vikhroli,462.3061777153706,561107.4001606922,249.73747929635863,0.0001,64.5737
synthetic_demo,Vikhroli,551.9431988325875,382648.0559936431,161.83921798660387,0.0001,43.3327
synthetic_demo,Vikhroli,624.6441199368331,508936.0738950947,207.19929732270705,0.0001,77.9482
synthetic_demo,Vikhroli,649.8096310393869,539479.5675845112,217.1202190904424,0.0001,82.8453
synthetic_demo,Vikhroli,714.9164212750167,478807.1499093072,139.90099402316073,0.0001,62.9606
synthetic_demo,Vikhroli,720.9114051883777,600091.4071055086,162.38076065701372,0.0001,95.0235
synthetic_demo,Vikhroli,543.2684385396068,575510.0230410374,249.4957428676808,0.0001,84.1389
synthetic_demo,Vikhroli,534.3523444269816,394340.9915284413,148.68637381835248,0.0001,42.3161
synthetic_demo,Vikhroli,749.2862391890799,333474.4432229975,139.16975724621506,0.0001,59.139
synthetic_demo,Vikhroli,693.211929216719,359202.79370924004,208.98355683309157,0.0001,68.3718
synthetic_demo,Vikhroli,741.6177150747,335283.94499803905,155.62010042412953,0.0001,56.2162
synthetic_demo,Vikhroli,443.76751850713,426316.54491796665,257.9406325867784,0.0001,33.1383
synthetic_demo,Vikhroli,644.5853883958014,562237.6483027121,175.0324204303039,0.0001,87.9693
synthetic_demo,Vikhroli,717.0086457234805,500830.87828760693,258.2558757425043,0.0001,79.7844
synthetic_demo,Vikhroli,696.258942509783,474277.43574978755,137.25862105496364,0.0001,55.8534
synthetic_demo,Vikhroli,716.6991043644144,450001.13711835095,248.97284103471765,0.0001,66.8194
synthetic_demo,Vikhroli,801.8513392901534,480000.41896323615,162.0291586471127,0.0001,70.3102
synthetic_demo,Vikhroli,637.0631764282795,360875.75624648493,192.61447051295295,0.0001,65.5932
synthetic_demo,Vikhroli,513.8019702789571,430877.55193119764,222.10395738507222,0.0001,45.133
synthetic_demo,Vikhroli,600.5670405845821,440834.87030597194,154.87536924975674,0.0001,53.086
synthetic_demo,Vikhroli,675.641642928093,566821.3033147667,241.18262359786152,0.0001,91.158
synthetic_demo,Vikhroli,644.9919090321551,460236.8601737315,175.9000566908209,0.0001,59.1304
synthetic_demo,Vikhroli,678.0068541799297,466129.0300217638,140.40389594595806,0.0001,62.7596
synthetic_demo,Vikhroli,457.45708097765595,607007.5316971552,169.4172062159987,0.0001,61.4856
synthetic_demo,Vikhroli,553.6719476603273,609325.4640618311,229.79437572367783,0.0001,85.5466
synthetic_demo,Vikhroli,799.8184908706107,462902.76601610443,182.95291292740006,0.0001,66.3287
synthetic_demo,Vikhroli,682.5072223052334,531283.7157385724,185.48537220750717,0.0001,86.7577
synthetic_demo,Vikhroli,687.9107830650097,534376.0132317686,222.5348868207205,0.0001,83.6219
synthetic_demo,Vikhroli,654.3955682728397,448522.4804797473,228.37039226995114,0.0001,66.3071
synthetic_demo,Vikhroli,490.54417106971624,430149.6341460762,189.7318607267332,0.0001,35.3759
synthetic_demo,Vikhroli,787.6088452063615,590439.9375084967,147.08175786373204,0.0001,91.2267
synthetic_demo,Vikhroli,716.1113180231489,438843.3435527685,162.3395661623409,0.0001,61.3369
